UPDATE CFG_HEADERS
   SET SHORT = 'Latest version in force since'
 WHERE HEADER_SID = 3;
COMMIT;
UPDATE CFG_QUESTION_VERSIONS
   SET MANDATORY = 1
 WHERE QUESTION_VERSION_SID = 17;
COMMIT;  
UPDATE CFG_QUESTION_VERSIONS
   SET ALWAYS_MODIFY = 0;
COMMIT;
UPDATE CFG_QUESTION_VERSIONS
   SET ALWAYS_MODIFY = 1
 WHERE QUESTION_VERSION_SID IN (29, 30, 27, 31, 28, 32, 222, 299, 300, 255, 264 )  ;
 COMMIT;

UPDATE CFG_INDICE_CRITERIA
SET CRITERION_VALUE = '(( CR29 + CR30 ) / 4 ).toFixed(4)'
WHERE IND_CRITERION_SID = 30;
UPDATE CFG_INDICE_CRITERIA
SET CRITERION_VALUE = '(( CR31 + CR32 + CR33 ) / 6).toFixed(4)'
WHERE IND_CRITERION_SID = 31;
UPDATE CFG_INDICE_CRITERIA
SET CRITERION_VALUE = '( CR34 / 3).toFixed(4)'
WHERE IND_CRITERION_SID = 32;
UPDATE CFG_INDICE_CRITERIA
SET CRITERION_VALUE = '( CR35 / 4).toFixed(4)'
WHERE IND_CRITERION_SID = 33;
UPDATE CFG_INDICE_CRITERIA
SET CRITERION_VALUE = '(( CR36 + CR37 + CR38 + CR39 ) / 4).toFixed(4)'
WHERE IND_CRITERION_SID = 34;
UPDATE CFG_INDICE_CRITERIA
SET CRITERION_VALUE = '(( SDIM30 + SDIM31 + SDIM32 + SDIM33 + SDIM34 )/5).toFixed(2)',  accessor = 'CFG_INDICE_CRITERIA'
WHERE IND_CRITERION_SID = 35;

UPDATE CFG_INDICE_CRITERIA
SET CRITERION_VALUE = '(((( CR15 + CR16 + CR17 )* CR18 ) / 3) * 30).toFixed(4)'
WHERE IND_CRITERION_SID = 23;
UPDATE CFG_INDICE_CRITERIA
SET CRITERION_VALUE = '(((( CR19 + CR20 + CR21 )* CR22 ) /3) * 25).toFixed(4)'
WHERE IND_CRITERION_SID = 24;
UPDATE CFG_INDICE_CRITERIA
SET CRITERION_VALUE = '(((( CR23 + CR24 ) * CR25 )/3.5) * 20).toFixed(4)'
WHERE IND_CRITERION_SID = 25;
UPDATE CFG_INDICE_CRITERIA
SET CRITERION_VALUE = 'SDIM23 + SDIM24 + SDIM25 + SDIM26 + SDIM27 + SDIM28'
WHERE IND_CRITERION_SID = 29;

UPDATE CFG_INDICE_CRITERIA
SET CRITERION_VALUE = '(0,2 * ( ( SDIM1 + SDIM2 )/3 + SDIM3 + SDIM4 + SDIM5 )).toFixed(4)'
WHERE IND_CRITERION_SID = 6;
UPDATE CFG_INDICE_CRITERIA
SET CRITERION_VALUE = '( SDIM7 * SDIM8 ).toFixed(4)'
WHERE IND_CRITERION_SID = 9;

UPDATE CFG_INDICE_CRITERIA
SET CRITERION_VALUE = '( SDIM16 /SDIM17 ).toFixed(6)'
WHERE IND_CRITERION_SID = 20;
UPDATE CFG_INDICE_CRITERIA
SET CRITERION_VALUE = '( SDIM19 /SDIM17 ).toFixed(6)'
WHERE IND_CRITERION_SID = 21;
UPDATE CFG_INDICE_CRITERIA
SET CRITERION_VALUE = '(SDIM7 * SDIM8 * 10 / SDIM10).toFixed(4)'
WHERE IND_CRITERION_SID = 36;
UPDATE CFG_INDICE_CRITERIA
SET CRITERION_VALUE = '(SDIM7 * SDIM8 * 10 / SDIM10).toFixed(4)'
WHERE IND_CRITERION_SID = 39;
UPDATE CFG_INDEX_CHOICES_SCORES
SET SCORE = 4 WHERE CHOICE_SCORE_SID = 26;
UPDATE CFG_INDEX_CHOICES_SCORES
SET SCORE = 3 WHERE CHOICE_SCORE_SID = 27;
UPDATE CFG_INDEX_CHOICES_SCORES
SET SCORE = 2 WHERE CHOICE_SCORE_SID = 28;

UPDATE CFG_INDEX_CRITERIA
SET SCORE_TYPE_SID = 6 WHERE CRITERION_SID = 35;

INSERT INTO CFG_SCORE_CONDITIONS(CRITERION_SID, CHOICE_SCORE_SID, COND_QUESTION_VERSION_SID, AND_CHOICE_SCORE_SID, OR_CHOICE_SCORE_SID, COND_LOV_SID)
VALUES (35, 26, 271, 27, NULL, 521);
INSERT INTO CFG_SCORE_CONDITIONS(CRITERION_SID, CHOICE_SCORE_SID, COND_QUESTION_VERSION_SID, AND_CHOICE_SCORE_SID, OR_CHOICE_SCORE_SID, COND_LOV_SID)
VALUES (35, 27, 271, NULL, 26, 519);
INSERT INTO CFG_SCORE_CONDITIONS(CRITERION_SID, CHOICE_SCORE_SID, COND_QUESTION_VERSION_SID, AND_CHOICE_SCORE_SID, OR_CHOICE_SCORE_SID, COND_LOV_SID)
VALUES (35, 28, 271, 29, NULL, 517);
INSERT INTO CFG_SCORE_CONDITIONS(CRITERION_SID, CHOICE_SCORE_SID, COND_QUESTION_VERSION_SID, AND_CHOICE_SCORE_SID, OR_CHOICE_SCORE_SID, COND_LOV_SID)
VALUES (35, 29, 271, NULL, 28, 520);

INSERT INTO CFG_INDEX_CHOICES_SCORES(QUESTION_VERSION_SID, LOV_SID, CRITERION_SID, SCORE ) VALUES(24, 257, 5, 0);
INSERT INTO CFG_INDEX_CHOICES_SCORES(QUESTION_VERSION_SID, LOV_SID, CRITERION_SID, SCORE ) VALUES(24, 258, 5, 0);
commit;
update cfg_indice_criteria
set criterion_value = '(0.2 * ( ( SDIM1 + SDIM2 )/3 + SDIM3 + SDIM4 + SDIM5 )).toFixed(4)' WHERE IND_CRITERION_SID = 6;
update cfg_indice_criteria
set criterion_value = '(SDIM21 / SDIM20).toFixed(4)' WHERE IND_CRITERION_SID = 39;
update cfg_indice_criteria
set criterion_value = '( SDIM6 * SDIM7 ).toFixed(4)' WHERE IND_CRITERION_SID = 9;
DECLARE
    l_stat VARCHAR2(4000 BYTE);
    l_out NUMBER;
    
BEGIN
    
    INSERT INTO CFG_UI_ELEMENT_TYPES(ELEMENT_TYPE_ID, DESCR) VALUES ('INDICE_HEADER_INFO_MSG', 'Info message on Indices page')
    RETURNING ELEMENT_TYPE_SID INTO l_out;
    
    FOR idx IN 1..4
    LOOP
        INSERT INTO CFG_UI_QSTNNR_ELEMENTS(ELEMENT_TYPE_SID, ELEMENT_TEXT, QSTNNR_VERSION_SID, EDIT_STEP_ID) VALUES (l_out, 'The indices have not been calculated yet. Please return to the Scores page and finalise the Cross-Check phase!', idx, 'DEFAULT');
    END LOOP;
    COMMIT;
END;
/
CREATE TABLE CFG_HORIZONTAL_ELEM_TYPES (
    ELEM_TYPE_SID NUMBER,
    DESCR VARCHAR2(500 BYTE),
        CONSTRAINT "CFG_HORIZONTAL_ELEM_TYPES_PK" PRIMARY KEY ("ELEM_TYPE_SID")
);

INSERT INTO CFG_HORIZONTAL_ELEM_TYPES(ELEM_TYPE_SID, DESCR) VALUES (1, 'Entry attribute');
INSERT INTO CFG_HORIZONTAL_ELEM_TYPES(ELEM_TYPE_SID, DESCR) VALUES (2, 'Entry question');
INSERT INTO CFG_HORIZONTAL_ELEM_TYPES(ELEM_TYPE_SID, DESCR) VALUES (3, 'Entry score');
INSERT INTO CFG_HORIZONTAL_ELEM_TYPES(ELEM_TYPE_SID, DESCR) VALUES (4, 'Questionnaire/Scoring stage');
INSERT INTO CFG_HORIZONTAL_ELEM_TYPES(ELEM_TYPE_SID, DESCR) VALUES (5, 'Custom');
INSERT INTO CFG_HORIZONTAL_ELEM_TYPES(ELEM_TYPE_SID, DESCR) VALUES (6, 'Submit Date');
INSERT INTO CFG_HORIZONTAL_ELEM_TYPES(ELEM_TYPE_SID, DESCR) VALUES (7, 'Entry additional attribute');

CREATE SEQUENCE CFG_HORIZONTAL_ELEMENTS_SEQ START WITH 1 INCREMENT BY 1 NOCACHE NOCYCLE;
CREATE TABLE CFG_HORIZONTAL_ELEMENTS (
    HORIZ_ELEM_SID NUMBER,
    INDEX_SID NUMBER,
    ELEM_TYPE_SID NUMBER,
    DISPLAY_NAME VARCHAR2(500 BYTE),
    ACCESSOR VARCHAR2(500 BYTE),
    ACCESSOR_VALUE NUMBER,
    TAB_NAME VARCHAR2(1000 BYTE),
    ORDER_BY NUMBER,
        CONSTRAINT "CFG_HORIZONTAL_ELEMENTS_PK" PRIMARY KEY ("HORIZ_ELEM_SID"),
        CONSTRAINT "CFG_HORIZONTAL_ELEMENTS_FK1" FOREIGN KEY ("ELEM_TYPE_SID")
            REFERENCES "CFG_HORIZONTAL_ELEM_TYPES" ("ELEM_TYPE_SID"),
        CONSTRAINT "CFG_HORIZONTAL_ELEMENTS_FK2" FOREIGN KEY ("INDEX_SID")
            REFERENCES "CFG_INDEXES" ("INDEX_SID")
        
);

CREATE OR REPLACE TRIGGER CFG_HORIZONTAL_ELEMENTS_TRG
    BEFORE INSERT
    ON CFG_HORIZONTAL_ELEMENTS
    FOR EACH ROW
    DECLARE
    BEGIN
       SELECT CFG_HORIZONTAL_ELEMENTS_SEQ.NEXTVAL INTO :NEW.HORIZ_ELEM_SID FROM dual;
END CFG_HORIZONTAL_ELEMENTS_TRG;
/
ALTER TRIGGER "CFG_VINTAGE_ATTRIBUTES_TRG" ENABLE;
--frsi VIEW
INSERT INTO CFG_HORIZONTAL_ELEMENTS(INDEX_SID, ELEM_TYPE_SID, DISPLAY_NAME, ACCESSOR, ACCESSOR_VALUE, TAB_NAME, ORDER_BY) VALUES (1, 1, 'Country', 'COUNTRY_ID', NULL, 'ENTRIES', 1);
INSERT INTO CFG_HORIZONTAL_ELEMENTS(INDEX_SID, ELEM_TYPE_SID, DISPLAY_NAME, ACCESSOR, ACCESSOR_VALUE, TAB_NAME, ORDER_BY) VALUES (1, 1, 'Entry No', 'ENTRY_NO', NULL, 'ENTRIES', 2);
INSERT INTO CFG_HORIZONTAL_ELEMENTS(INDEX_SID, ELEM_TYPE_SID, DISPLAY_NAME, ACCESSOR, ACCESSOR_VALUE, TAB_NAME, ORDER_BY) VALUES (1, 1, 'Entry Version', 'ENTRY_VERSION', NULL, 'ENTRIES', 3);

INSERT INTO CFG_HORIZONTAL_ELEMENTS(INDEX_SID, ELEM_TYPE_SID, DISPLAY_NAME, ACCESSOR, ACCESSOR_VALUE, TAB_NAME, ORDER_BY) VALUES (1, 2, 'Rule Type', 'QUESTION_VERSION_SID', 1, 'ENTRY_CHOICES', 4);
INSERT INTO CFG_HORIZONTAL_ELEMENTS(INDEX_SID, ELEM_TYPE_SID, DISPLAY_NAME, ACCESSOR, ACCESSOR_VALUE, TAB_NAME, ORDER_BY) VALUES (1, 2, 'Sector', 'QUESTION_VERSION_SID', 2, 'ENTRY_CHOICES', 5);

INSERT INTO CFG_HORIZONTAL_ELEMENTS(INDEX_SID, ELEM_TYPE_SID, DISPLAY_NAME, ACCESSOR, ACCESSOR_VALUE, TAB_NAME, ORDER_BY) VALUES (1, 5, 'Last in Force Since', 'TO_CHAR(NVL(REFORM_IMPL_DATE,IMPL_DATE), '||chr(39)||'DD/MM/YYYY'||chr(39)||')', NULL, 'ENTRIES', 6);
INSERT INTO CFG_HORIZONTAL_ELEMENTS(INDEX_SID, ELEM_TYPE_SID, DISPLAY_NAME, ACCESSOR, ACCESSOR_VALUE, TAB_NAME, ORDER_BY) VALUES (1, 6, 'Submit Date', 'getSubmitDate',  NULL, 'CFG_QUESTIONNAIRE', 7);

INSERT INTO CFG_HORIZONTAL_ELEMENTS(INDEX_SID, ELEM_TYPE_SID, DISPLAY_NAME, ACCESSOR, ACCESSOR_VALUE, TAB_NAME, ORDER_BY) VALUES (1, 4, 'Scoring Stage', 'SCORE_VERSION_SID',  NULL, 'CFG_INDEX_STAGES', 8);

INSERT INTO CFG_HORIZONTAL_ELEMENTS(INDEX_SID, ELEM_TYPE_SID, DISPLAY_NAME, ACCESSOR, ACCESSOR_VALUE, TAB_NAME, ORDER_BY) VALUES (1, 3, 'CR1', 'SCORE',  1, 'ENTRY_CRITERIA', 9);
INSERT INTO CFG_HORIZONTAL_ELEMENTS(INDEX_SID, ELEM_TYPE_SID, DISPLAY_NAME, ACCESSOR, ACCESSOR_VALUE, TAB_NAME, ORDER_BY) VALUES (1, 3, 'CR2', 'SCORE',  2, 'ENTRY_CRITERIA', 10);
INSERT INTO CFG_HORIZONTAL_ELEMENTS(INDEX_SID, ELEM_TYPE_SID, DISPLAY_NAME, ACCESSOR, ACCESSOR_VALUE, TAB_NAME, ORDER_BY) VALUES (1, 3, 'CR3A', 'SCORE',  3, 'ENTRY_CRITERIA', 11);
INSERT INTO CFG_HORIZONTAL_ELEMENTS(INDEX_SID, ELEM_TYPE_SID, DISPLAY_NAME, ACCESSOR, ACCESSOR_VALUE, TAB_NAME, ORDER_BY) VALUES (1, 3, 'CR3B', 'SCORE',  4, 'ENTRY_CRITERIA', 12);
INSERT INTO CFG_HORIZONTAL_ELEMENTS(INDEX_SID, ELEM_TYPE_SID, DISPLAY_NAME, ACCESSOR, ACCESSOR_VALUE, TAB_NAME, ORDER_BY) VALUES (1, 3, 'CR3C', 'SCORE',  5, 'ENTRY_CRITERIA', 13);
INSERT INTO CFG_HORIZONTAL_ELEMENTS(INDEX_SID, ELEM_TYPE_SID, DISPLAY_NAME, ACCESSOR, ACCESSOR_VALUE, TAB_NAME, ORDER_BY) VALUES (1, 3, 'CR3D', 'SCORE',  6, 'ENTRY_CRITERIA', 14);
INSERT INTO CFG_HORIZONTAL_ELEMENTS(INDEX_SID, ELEM_TYPE_SID, DISPLAY_NAME, ACCESSOR, ACCESSOR_VALUE, TAB_NAME, ORDER_BY) VALUES (1, 3, 'CR4', 'SCORE',  7, 'ENTRY_CRITERIA', 15);
INSERT INTO CFG_HORIZONTAL_ELEMENTS(INDEX_SID, ELEM_TYPE_SID, DISPLAY_NAME, ACCESSOR, ACCESSOR_VALUE, TAB_NAME, ORDER_BY) VALUES (1, 3, 'CR5A', 'SCORE',  8, 'ENTRY_CRITERIA', 16);
INSERT INTO CFG_HORIZONTAL_ELEMENTS(INDEX_SID, ELEM_TYPE_SID, DISPLAY_NAME, ACCESSOR, ACCESSOR_VALUE, TAB_NAME, ORDER_BY) VALUES (1, 3, 'CR5B', 'SCORE',  9, 'ENTRY_CRITERIA', 17);
INSERT INTO CFG_HORIZONTAL_ELEMENTS(INDEX_SID, ELEM_TYPE_SID, DISPLAY_NAME, ACCESSOR, ACCESSOR_VALUE, TAB_NAME, ORDER_BY) VALUES (1, 3, 'CR5C', 'SCORE',  10, 'ENTRY_CRITERIA', 18);
INSERT INTO CFG_HORIZONTAL_ELEMENTS(INDEX_SID, ELEM_TYPE_SID, DISPLAY_NAME, ACCESSOR, ACCESSOR_VALUE, TAB_NAME, ORDER_BY) VALUES (1, 3, 'CR5D', 'SCORE',  11, 'ENTRY_CRITERIA', 19);

--frci view
INSERT INTO CFG_HORIZONTAL_ELEMENTS(INDEX_SID, ELEM_TYPE_SID, DISPLAY_NAME, ACCESSOR, ACCESSOR_VALUE, TAB_NAME, ORDER_BY) VALUES (2, 1, 'Country', 'COUNTRY_ID', NULL, 'ENTRIES', 1);
INSERT INTO CFG_HORIZONTAL_ELEMENTS(INDEX_SID, ELEM_TYPE_SID, DISPLAY_NAME, ACCESSOR, ACCESSOR_VALUE, TAB_NAME, ORDER_BY) VALUES (2, 1, 'Entry No', 'ENTRY_NO', NULL, 'ENTRIES', 2);
INSERT INTO CFG_HORIZONTAL_ELEMENTS(INDEX_SID, ELEM_TYPE_SID, DISPLAY_NAME, ACCESSOR, ACCESSOR_VALUE, TAB_NAME, ORDER_BY) VALUES (2, 1, 'Entry Version', 'ENTRY_VERSION', NULL, 'ENTRIES', 3);

INSERT INTO CFG_HORIZONTAL_ELEMENTS(INDEX_SID, ELEM_TYPE_SID, DISPLAY_NAME, ACCESSOR, ACCESSOR_VALUE, TAB_NAME, ORDER_BY) VALUES (2, 2, 'Rule Type', 'QUESTION_VERSION_SID', 1, 'ENTRY_CHOICES', 4);
INSERT INTO CFG_HORIZONTAL_ELEMENTS(INDEX_SID, ELEM_TYPE_SID, DISPLAY_NAME, ACCESSOR, ACCESSOR_VALUE, TAB_NAME, ORDER_BY) VALUES (2, 2, 'Sector', 'QUESTION_VERSION_SID', 2, 'ENTRY_CHOICES', 5);

INSERT INTO CFG_HORIZONTAL_ELEMENTS(INDEX_SID, ELEM_TYPE_SID, DISPLAY_NAME, ACCESSOR, ACCESSOR_VALUE, TAB_NAME, ORDER_BY) VALUES (2, 5, 'Last in Force Since', 'TO_CHAR(NVL(REFORM_IMPL_DATE,IMPL_DATE), '||chr(39)||'DD/MM/YYYY'||chr(39)||')', NULL, 'ENTRIES', 6);
INSERT INTO CFG_HORIZONTAL_ELEMENTS(INDEX_SID, ELEM_TYPE_SID, DISPLAY_NAME, ACCESSOR, ACCESSOR_VALUE, TAB_NAME, ORDER_BY) VALUES (2, 6, 'Submit Date', 'getSubmitDate',  NULL, 'CFG_QUESTIONNAIRE', 7);

INSERT INTO CFG_HORIZONTAL_ELEMENTS(INDEX_SID, ELEM_TYPE_SID, DISPLAY_NAME, ACCESSOR, ACCESSOR_VALUE, TAB_NAME, ORDER_BY) VALUES (2, 4, 'Scoring Stage', 'SCORE_VERSION_SID',  NULL, 'CFG_INDEX_STAGES', 8);

INSERT INTO CFG_HORIZONTAL_ELEMENTS(INDEX_SID, ELEM_TYPE_SID, DISPLAY_NAME, ACCESSOR, ACCESSOR_VALUE, TAB_NAME, ORDER_BY) VALUES (2, 3, 'CR1', 'SCORE',  12, 'ENTRY_CRITERIA', 9);
INSERT INTO CFG_HORIZONTAL_ELEMENTS(INDEX_SID, ELEM_TYPE_SID, DISPLAY_NAME, ACCESSOR, ACCESSOR_VALUE, TAB_NAME, ORDER_BY) VALUES (2, 3, 'CR2', 'SCORE',  13, 'ENTRY_CRITERIA', 10);
INSERT INTO CFG_HORIZONTAL_ELEMENTS(INDEX_SID, ELEM_TYPE_SID, DISPLAY_NAME, ACCESSOR, ACCESSOR_VALUE, TAB_NAME, ORDER_BY) VALUES (2, 3, 'CR3', 'SCORE',  14, 'ENTRY_CRITERIA', 11);

--sifi view
INSERT INTO CFG_HORIZONTAL_ELEMENTS(INDEX_SID, ELEM_TYPE_SID, DISPLAY_NAME, ACCESSOR, ACCESSOR_VALUE, TAB_NAME, ORDER_BY) VALUES (3, 1, 'Country', 'COUNTRY_ID', NULL, 'ENTRIES', 1);
INSERT INTO CFG_HORIZONTAL_ELEMENTS(INDEX_SID, ELEM_TYPE_SID, DISPLAY_NAME, ACCESSOR, ACCESSOR_VALUE, TAB_NAME, ORDER_BY) VALUES (3, 7, 'Institution Name', 'DESCR', NULL, 'ENTRIES_ADD_CFG', 2);

INSERT INTO CFG_HORIZONTAL_ELEMENTS(INDEX_SID, ELEM_TYPE_SID, DISPLAY_NAME, ACCESSOR, ACCESSOR_VALUE, TAB_NAME, ORDER_BY) VALUES (3, 5, 'Last in Force Since', 'TO_CHAR(NVL(REFORM_IMPL_DATE,IMPL_DATE), '||chr(39)||'DD/MM/YYYY'||chr(39)||')', NULL, 'ENTRIES', 3);
INSERT INTO CFG_HORIZONTAL_ELEMENTS(INDEX_SID, ELEM_TYPE_SID, DISPLAY_NAME, ACCESSOR, ACCESSOR_VALUE, TAB_NAME, ORDER_BY) VALUES (3, 6, 'Submit Date', 'getSubmitDate',  NULL, 'CFG_QUESTIONNAIRE', 4);

INSERT INTO CFG_HORIZONTAL_ELEMENTS(INDEX_SID, ELEM_TYPE_SID, DISPLAY_NAME, ACCESSOR, ACCESSOR_VALUE, TAB_NAME, ORDER_BY) VALUES (3, 4, 'Scoring Stage', 'SCORE_VERSION_SID',  NULL, 'CFG_INDEX_STAGES', 5);

INSERT INTO CFG_HORIZONTAL_ELEMENTS(INDEX_SID, ELEM_TYPE_SID, DISPLAY_NAME, ACCESSOR, ACCESSOR_VALUE, TAB_NAME, ORDER_BY) VALUES (3, 3, 'TK1A', 'SCORE',  15, 'ENTRY_CRITERIA', 6);
INSERT INTO CFG_HORIZONTAL_ELEMENTS(INDEX_SID, ELEM_TYPE_SID, DISPLAY_NAME, ACCESSOR, ACCESSOR_VALUE, TAB_NAME, ORDER_BY) VALUES (3, 3, 'TK1B', 'SCORE',  16, 'ENTRY_CRITERIA', 7);
INSERT INTO CFG_HORIZONTAL_ELEMENTS(INDEX_SID, ELEM_TYPE_SID, DISPLAY_NAME, ACCESSOR, ACCESSOR_VALUE, TAB_NAME, ORDER_BY) VALUES (3, 3, 'TK1C', 'SCORE',  17, 'ENTRY_CRITERIA', 8);
INSERT INTO CFG_HORIZONTAL_ELEMENTS(INDEX_SID, ELEM_TYPE_SID, DISPLAY_NAME, ACCESSOR, ACCESSOR_VALUE, TAB_NAME, ORDER_BY) VALUES (3, 3, 'CTK1', 'SCORE',  18, 'ENTRY_CRITERIA', 9);
INSERT INTO CFG_HORIZONTAL_ELEMENTS(INDEX_SID, ELEM_TYPE_SID, DISPLAY_NAME, ACCESSOR, ACCESSOR_VALUE, TAB_NAME, ORDER_BY) VALUES (3, 3, 'TK2A', 'SCORE',  19, 'ENTRY_CRITERIA', 10);
INSERT INTO CFG_HORIZONTAL_ELEMENTS(INDEX_SID, ELEM_TYPE_SID, DISPLAY_NAME, ACCESSOR, ACCESSOR_VALUE, TAB_NAME, ORDER_BY) VALUES (3, 3, 'TK2B', 'SCORE',  20, 'ENTRY_CRITERIA', 11);
INSERT INTO CFG_HORIZONTAL_ELEMENTS(INDEX_SID, ELEM_TYPE_SID, DISPLAY_NAME, ACCESSOR, ACCESSOR_VALUE, TAB_NAME, ORDER_BY) VALUES (3, 3, 'TK2C', 'SCORE',  21, 'ENTRY_CRITERIA', 12);
INSERT INTO CFG_HORIZONTAL_ELEMENTS(INDEX_SID, ELEM_TYPE_SID, DISPLAY_NAME, ACCESSOR, ACCESSOR_VALUE, TAB_NAME, ORDER_BY) VALUES (3, 3, 'CTK2', 'SCORE',  22, 'ENTRY_CRITERIA', 13);
INSERT INTO CFG_HORIZONTAL_ELEMENTS(INDEX_SID, ELEM_TYPE_SID, DISPLAY_NAME, ACCESSOR, ACCESSOR_VALUE, TAB_NAME, ORDER_BY) VALUES (3, 3, 'TK3A', 'SCORE',  23, 'ENTRY_CRITERIA', 14);
INSERT INTO CFG_HORIZONTAL_ELEMENTS(INDEX_SID, ELEM_TYPE_SID, DISPLAY_NAME, ACCESSOR, ACCESSOR_VALUE, TAB_NAME, ORDER_BY) VALUES (3, 3, 'TK3B', 'SCORE',  24, 'ENTRY_CRITERIA', 15);
INSERT INTO CFG_HORIZONTAL_ELEMENTS(INDEX_SID, ELEM_TYPE_SID, DISPLAY_NAME, ACCESSOR, ACCESSOR_VALUE, TAB_NAME, ORDER_BY) VALUES (3, 3, 'CTK3', 'SCORE',  25, 'ENTRY_CRITERIA', 16);
INSERT INTO CFG_HORIZONTAL_ELEMENTS(INDEX_SID, ELEM_TYPE_SID, DISPLAY_NAME, ACCESSOR, ACCESSOR_VALUE, TAB_NAME, ORDER_BY) VALUES (3, 3, 'TK4', 'SCORE',  26, 'ENTRY_CRITERIA', 17);
INSERT INTO CFG_HORIZONTAL_ELEMENTS(INDEX_SID, ELEM_TYPE_SID, DISPLAY_NAME, ACCESSOR, ACCESSOR_VALUE, TAB_NAME, ORDER_BY) VALUES (3, 3, 'TK5', 'SCORE',  27, 'ENTRY_CRITERIA', 18);
INSERT INTO CFG_HORIZONTAL_ELEMENTS(INDEX_SID, ELEM_TYPE_SID, DISPLAY_NAME, ACCESSOR, ACCESSOR_VALUE, TAB_NAME, ORDER_BY) VALUES (3, 3, 'TK6', 'SCORE',  28, 'ENTRY_CRITERIA', 19);

--MTBFI VIEW
INSERT INTO CFG_HORIZONTAL_ELEMENTS(INDEX_SID, ELEM_TYPE_SID, DISPLAY_NAME, ACCESSOR, ACCESSOR_VALUE, TAB_NAME, ORDER_BY) VALUES (4, 1, 'Country', 'COUNTRY_ID', NULL, 'ENTRIES', 1);

INSERT INTO CFG_HORIZONTAL_ELEMENTS(INDEX_SID, ELEM_TYPE_SID, DISPLAY_NAME, ACCESSOR, ACCESSOR_VALUE, TAB_NAME, ORDER_BY) VALUES (4, 5, 'Last in Force Since', 'TO_CHAR(NVL(REFORM_IMPL_DATE,IMPL_DATE), '||chr(39)||'DD/MM/YYYY'||chr(39)||')', NULL, 'ENTRIES', 2);
INSERT INTO CFG_HORIZONTAL_ELEMENTS(INDEX_SID, ELEM_TYPE_SID, DISPLAY_NAME, ACCESSOR, ACCESSOR_VALUE, TAB_NAME, ORDER_BY) VALUES (4, 6, 'Submit Date', 'getSubmitDate',  NULL, 'CFG_QUESTIONNAIRE', 3);

INSERT INTO CFG_HORIZONTAL_ELEMENTS(INDEX_SID, ELEM_TYPE_SID, DISPLAY_NAME, ACCESSOR, ACCESSOR_VALUE, TAB_NAME, ORDER_BY) VALUES (4, 4, 'Scoring Stage', 'SCORE_VERSION_SID',  NULL, 'CFG_INDEX_STAGES', 4);

INSERT INTO CFG_HORIZONTAL_ELEMENTS(INDEX_SID, ELEM_TYPE_SID, DISPLAY_NAME, ACCESSOR, ACCESSOR_VALUE, TAB_NAME, ORDER_BY) VALUES (4, 3, 'C1A', 'SCORE',  29, 'ENTRY_CRITERIA', 5);
INSERT INTO CFG_HORIZONTAL_ELEMENTS(INDEX_SID, ELEM_TYPE_SID, DISPLAY_NAME, ACCESSOR, ACCESSOR_VALUE, TAB_NAME, ORDER_BY) VALUES (4, 3, 'C1B', 'SCORE',  30, 'ENTRY_CRITERIA', 6);
INSERT INTO CFG_HORIZONTAL_ELEMENTS(INDEX_SID, ELEM_TYPE_SID, DISPLAY_NAME, ACCESSOR, ACCESSOR_VALUE, TAB_NAME, ORDER_BY) VALUES (4, 3, 'C2A', 'SCORE',  31, 'ENTRY_CRITERIA', 7);
INSERT INTO CFG_HORIZONTAL_ELEMENTS(INDEX_SID, ELEM_TYPE_SID, DISPLAY_NAME, ACCESSOR, ACCESSOR_VALUE, TAB_NAME, ORDER_BY) VALUES (4, 3, 'C2B', 'SCORE',  32, 'ENTRY_CRITERIA', 8);
INSERT INTO CFG_HORIZONTAL_ELEMENTS(INDEX_SID, ELEM_TYPE_SID, DISPLAY_NAME, ACCESSOR, ACCESSOR_VALUE, TAB_NAME, ORDER_BY) VALUES (4, 3, 'C2C', 'SCORE',  33, 'ENTRY_CRITERIA', 9);
INSERT INTO CFG_HORIZONTAL_ELEMENTS(INDEX_SID, ELEM_TYPE_SID, DISPLAY_NAME, ACCESSOR, ACCESSOR_VALUE, TAB_NAME, ORDER_BY) VALUES (4, 3, 'C3', 'SCORE',  34, 'ENTRY_CRITERIA', 10);
INSERT INTO CFG_HORIZONTAL_ELEMENTS(INDEX_SID, ELEM_TYPE_SID, DISPLAY_NAME, ACCESSOR, ACCESSOR_VALUE, TAB_NAME, ORDER_BY) VALUES (4, 3, 'C4', 'SCORE',  35, 'ENTRY_CRITERIA', 11);
INSERT INTO CFG_HORIZONTAL_ELEMENTS(INDEX_SID, ELEM_TYPE_SID, DISPLAY_NAME, ACCESSOR, ACCESSOR_VALUE, TAB_NAME, ORDER_BY) VALUES (4, 3, 'C5A', 'SCORE',  36, 'ENTRY_CRITERIA', 12);
INSERT INTO CFG_HORIZONTAL_ELEMENTS(INDEX_SID, ELEM_TYPE_SID, DISPLAY_NAME, ACCESSOR, ACCESSOR_VALUE, TAB_NAME, ORDER_BY) VALUES (4, 3, 'C5B', 'SCORE',  37, 'ENTRY_CRITERIA', 13);
INSERT INTO CFG_HORIZONTAL_ELEMENTS(INDEX_SID, ELEM_TYPE_SID, DISPLAY_NAME, ACCESSOR, ACCESSOR_VALUE, TAB_NAME, ORDER_BY) VALUES (4, 3, 'C5C', 'SCORE',  38, 'ENTRY_CRITERIA', 14);
INSERT INTO CFG_HORIZONTAL_ELEMENTS(INDEX_SID, ELEM_TYPE_SID, DISPLAY_NAME, ACCESSOR, ACCESSOR_VALUE, TAB_NAME, ORDER_BY) VALUES (4, 3, 'C5D', 'SCORE',  39, 'ENTRY_CRITERIA', 15);

--GBDI VIEW
INSERT INTO CFG_HORIZONTAL_ELEMENTS(INDEX_SID, ELEM_TYPE_SID, DISPLAY_NAME, ACCESSOR, ACCESSOR_VALUE, TAB_NAME, ORDER_BY) VALUES (5, 1, 'Country', 'COUNTRY_ID', NULL, 'ENTRIES', 1);
INSERT INTO CFG_HORIZONTAL_ELEMENTS(INDEX_SID, ELEM_TYPE_SID, DISPLAY_NAME, ACCESSOR, ACCESSOR_VALUE, TAB_NAME, ORDER_BY) VALUES (5, 6, 'Submit Date', 'getSubmitDate',  NULL, 'CFG_QUESTIONNAIRE', 2);
COMMIT;
   